head_forward,spine_angle,shoulder_tilt,label
-0.29493775963783264,174.24922627247648,0.11485236883163452,1
-0.29377949237823486,174.20031324663165,0.11433637142181396,1
-0.28180813789367676,175.10499209086385,0.07916486263275146,1
-0.2730537950992584,174.55857329667043,0.046977341175079346,1
-0.2679440379142761,175.3497986913277,0.014104962348937988,1
-0.2644879221916199,175.74755029430793,0.00823664665222168,1
-0.27091342210769653,176.63560558796388,0.0028395652770996094,1
-0.2695026099681854,176.10941903842527,0.09168857336044312,1
-0.26568281650543213,175.91447559575218,0.0740962028503418,1
-0.2603505253791809,177.5932397971416,0.09134471416473389,1
-0.21529367566108704,179.83043785511833,0.09330642223358154,1
-0.24882107973098755,177.65072673079422,0.0677938461303711,1
-0.24787217378616333,177.84483412541135,0.06256437301635742,1
-0.16256779432296753,178.99851259153584,0.009654998779296875,1
-0.15010657906532288,178.5824083756885,0.013752639293670654,1
-0.1555490791797638,178.82905556079234,0.00202864408493042,1
-0.19420737028121948,179.90928613864733,0.009471535682678223,1
-0.21497151255607605,179.58406565736468,0.023282647132873535,1
-0.21249276399612427,179.88452841086496,0.013757765293121338,1
-0.17282167077064514,178.53626397524803,0.017940044403076172,1
-0.1251123547554016,177.88861591463416,0.009153127670288086,1
-0.12493577599525452,178.61882906223423,0.005963146686553955,1
-0.1259351670742035,179.28947318511973,0.021494805812835693,1
-0.13408032059669495,179.04422287396898,0.013780057430267334,1
-0.16904139518737793,178.01433097881898,0.0371435284614563,1
-0.16729119420051575,178.1841870874595,0.05379873514175415,1
-0.18286380171775818,178.550600657769,0.01602405309677124,1
-0.16091099381446838,178.23910160343735,0.0021329522132873535,1
-0.12855365872383118,176.209059001281,0.02951139211654663,1
-0.0872916579246521,174.9829240747639,0.03040444850921631,1
-0.0695905089378357,174.93325975792064,0.027782559394836426,1
-0.09024590253829956,174.59829904131877,0.0640038251876831,1
-0.11167570948600769,174.67073898592778,0.0701170563697815,1
-0.13681405782699585,174.43241150703537,0.06905460357666016,1
-0.20780304074287415,177.86557875757185,0.03296428918838501,1
0.06833615899085999,171.8001274110205,0.16306668519973755,1
-0.16007721424102783,173.80218057564488,0.15762746334075928,1
-0.13248524069786072,175.36843318154078,0.1409493088722229,1
-0.09209063649177551,174.68435833584377,0.16076689958572388,1
-0.4302092492580414,179.1310530575523,0.0746924877166748,1
-0.2740385830402374,179.02434713121534,0.004279196262359619,1
-0.3756197690963745,179.42618122485578,0.03006446361541748,0
-0.37398046255111694,178.82772751391772,0.033063650131225586,0
-0.3861594796180725,177.81170323200647,0.051042795181274414,0
-0.3999372720718384,178.00382542032656,0.03833448886871338,0
-0.4005516767501831,178.27896144908243,0.033250272274017334,0
-0.39031293988227844,177.2536997552917,0.04665553569793701,0
-0.39672496914863586,177.9586390003166,0.04025298357009888,0
-0.4051917493343353,178.05563740583244,0.04730427265167236,0
-0.4031966030597687,178.03863206939218,0.05233335494995117,0
-0.4025455415248871,177.53743217508188,0.05238819122314453,0
-0.40129783749580383,177.65515961247354,0.04707914590835571,0
-0.39666426181793213,177.8996379028749,0.04673081636428833,0
-0.3882196545600891,178.12373054696866,0.04167830944061279,0
-0.37267547845840454,177.7415600611604,0.056760191917419434,0
-0.3808363676071167,177.10868290768065,0.05970573425292969,0
-0.40016430616378784,179.34662404214032,0.00525587797164917,0
-0.40328678488731384,179.3913081365053,0.0026232004165649414,0
-0.41797491908073425,179.85875547798153,0.009129941463470459,0
-0.41112077236175537,179.8636947459837,0.0016580820083618164,0
-0.4000473916530609,179.80556359472743,0.014761626720428467,0
-0.40720731019973755,178.7573844436481,0.06897115707397461,0
-0.41164103150367737,179.41614711609162,0.07158893346786499,0
-0.4041643738746643,177.86127824163316,0.05700927972793579,0
-0.4090092182159424,178.22002792153305,0.11830389499664307,0
-0.4412641227245331,177.9836856590904,0.06524568796157837,0
-0.4498929977416992,178.73174891044832,0.03857213258743286,0
-0.45391809940338135,179.04971676109434,0.003300786018371582,0
-0.4422631561756134,178.99189812103378,0.004551351070404053,0
-0.4433940052986145,178.36387951256043,0.005320489406585693,0
-0.4115963578224182,178.4441966289345,0.01814448833465576,0
-0.4557100534439087,179.2392602125699,0.02153390645980835,0
-0.44671744108200073,179.85856271189226,0.009869754314422607,0
-0.4504947364330292,179.66985519321403,0.011546432971954346,0
-0.4323810935020447,179.8933113203293,0.014117121696472168,0
-0.4460611939430237,179.609787251911,0.021742284297943115,0
-0.45614948868751526,179.23926848798885,0.04794943332672119,0
-0.454937219619751,178.8148276491822,0.05230838060379028,0
-0.4471172094345093,179.04173407848606,0.04584860801696777,0
-0.4430350661277771,179.10218541467688,0.0425417423248291,0
-0.4519011378288269,179.0727464306304,0.029810607433319092,0
-0.44700804352760315,179.01376815997273,0.02083110809326172,0
-0.4512094259262085,179.21759689944918,0.02403724193572998,0
-0.4532335102558136,179.9168200422679,0.01928389072418213,0
-0.4524196684360504,179.7850840666492,0.014459311962127686,0
-0.46058082580566406,179.57969191083717,0.01805877685546875,0
-0.47691610455513,179.08053895656258,0.0004512667655944824,0
-0.5541881620883942,179.81491260614393,0.013630449771881104,0
-0.5397527813911438,179.78797388689492,0.021464169025421143,0
-0.516178697347641,179.43258380339572,0.023116111755371094,0
-0.5030141174793243,178.66603292478945,0.025082528591156006,0
-0.5055151879787445,178.92441169370625,0.015866518020629883,0
-0.510501891374588,179.29200910374402,0.021726489067077637,0
-0.516563206911087,178.9188201969566,0.019944369792938232,0
-0.4194256663322449,178.26616213540186,0.03006190061569214,1
-0.28596413135528564,178.3937771511299,0.015602827072143555,1
-0.39646705985069275,179.69723609886168,0.04987448453903198,0
-0.37210655212402344,178.10483122627437,0.03219825029373169,0
-0.375112920999527,178.28827754679014,0.03533732891082764,0
-0.3613722026348114,178.5561330312991,0.025314927101135254,0
-0.33232903480529785,178.83935228695273,0.013446927070617676,0
-0.3777332901954651,179.00882955148103,0.04426980018615723,0
-0.36551082134246826,178.64034125767236,0.03585827350616455,0
-0.38773924112319946,178.35199374949843,0.048379361629486084,0
-0.3202953636646271,179.8025366222277,0.008771717548370361,0
-0.3787190318107605,179.55656161697596,0.035082221031188965,0
-0.4038965404033661,179.29826337064424,0.02770477533340454,0
-0.39724859595298767,179.05255023079718,0.027490556240081787,0
-0.3811139166355133,177.40227176033594,0.0639994740486145,0
-0.395707368850708,178.64224279337435,0.037183403968811035,0
-0.4220886528491974,178.4389750224139,0.02215433120727539,0
-0.40125900506973267,177.98713809198068,0.03843963146209717,0
-0.5097982585430145,177.5686684679799,0.03698110580444336,0
-0.4548610746860504,177.8060560857002,0.05619549751281738,0
-0.48397696018218994,179.04887687036725,0.013070881366729736,0
-0.4736388027667999,179.531335759234,0.018934011459350586,0
-0.4256376326084137,177.8042678903316,0.031895458698272705,0
-0.38896483182907104,177.33835991292264,0.06713354587554932,0
-0.38033419847488403,179.58649799314298,0.01056981086730957,0
-0.23587775230407715,174.6032380129469,0.13940143585205078,1
-0.242466002702713,174.52229215219884,0.15490001440048218,1
-0.2772941589355469,175.61589198276576,0.09606778621673584,1
-0.1241963803768158,178.9220312272022,0.03772050142288208,1
-0.11612433195114136,179.85430519807028,0.02892613410949707,1
-0.08508101105690002,179.6730465138497,0.03911703824996948,1
-0.1007184088230133,179.69658077119286,0.03176504373550415,1
-0.11213865876197815,179.81312636530572,0.04141145944595337,1
-0.3499058783054352,179.40699106388473,0.0008124709129333496,1
-0.37326982617378235,179.53772408153574,0.046515047550201416,1
-0.3780713379383087,179.48497733046207,0.002389967441558838,1
-0.3299269676208496,179.01176765241905,0.07708728313446045,1
-0.5295074880123138,178.13846887720175,0.04856252670288086,0
-0.5351377725601196,178.39450841890675,0.041945040225982666,0
-0.5497049689292908,177.90722860684764,0.04649275541305542,0
-0.5925888419151306,178.8468521131497,0.031060099601745605,0
-0.5309648811817169,178.47548987291012,0.01977682113647461,0
-0.6185354739427567,178.68115960036047,0.03250855207443237,0
-0.6239908933639526,178.29831230299789,0.03997308015823364,0
-0.5797314047813416,178.12739585800134,0.048885464668273926,0
-0.5786977410316467,177.78556881296979,0.06481736898422241,0
-0.5868604779243469,176.386143975364,0.122342050075531,0
-0.5897566080093384,177.39498860650153,0.047479450702667236,0
-0.36125850677490234,177.90822480912894,0.03345012664794922,1
-0.4143785834312439,178.90698012579784,0.023589015007019043,0
-0.3973262906074524,179.29015350074923,0.02710556983947754,0
-0.3966216444969177,179.06922531538873,0.015862345695495605,0
-0.3616301119327545,179.00996537731993,0.032621800899505615,0
-0.4089795649051666,179.3135986566745,2.300739288330078e-05,0
-0.41495847702026367,178.50348935336163,0.016664981842041016,0
-0.42177870869636536,177.8216891847856,0.04013562202453613,0
-0.4400290846824646,178.19589906190083,0.027181565761566162,0
-0.4315935969352722,178.51389841459135,0.022055387496948242,0
-0.4354269802570343,178.7866221717647,0.01887333393096924,0
-0.4332360327243805,178.5585810949744,0.01922839879989624,0
-0.4149171710014343,178.33267576877648,0.02243328094482422,0
-0.4162142872810364,178.3666004019417,0.022754192352294922,0
-0.42038655281066895,178.32033995603234,0.02252143621444702,0
-0.42519986629486084,178.66749093389137,0.027596235275268555,0
-0.4229690730571747,178.5911861803499,0.021709144115447998,0
-0.41969525814056396,178.38629700032956,0.02528280019760132,0
-0.4231429398059845,178.4879040202288,0.023179352283477783,0
-0.4197004437446594,178.86801620255324,0.01590573787689209,0
-0.416140615940094,179.06329098241184,0.013653755187988281,0
-0.4209323525428772,179.02939265229762,0.011807739734649658,0
-0.42085087299346924,179.11512491134184,0.010298848152160645,0
-0.41849687695503235,179.06734359136544,0.011209189891815186,0
-0.41920173168182373,178.8688734754033,0.014254212379455566,0
-0.4217979609966278,178.81250370748018,0.012088537216186523,0
-0.42524608969688416,178.5559241222696,0.016959011554718018,0
-0.4252011775970459,178.66266287412645,0.014508485794067383,0
-0.4231050908565521,178.7856485864566,0.012999534606933594,0
-0.1945856511592865,177.4236878505525,0.06444734334945679,1
-0.1942741870880127,176.60489648840056,0.07746779918670654,1
-0.18084290623664856,177.519510894002,0.0663709044456482,1
-0.22383368015289307,178.47115528348894,0.02570056915283203,1
-0.2778320908546448,172.5721435305239,0.18049681186676025,1
-0.2971513271331787,173.5069960669639,0.16598618030548096,1
-0.37185269594192505,170.62093647220365,0.24393868446350098,1
-0.5453344583511353,178.53516937001953,0.026839792728424072,1
-0.5541767179965973,179.41578762638147,0.01710808277130127,1
-0.4143408536911011,175.83178305661087,0.1981801986694336,1
-0.2908327579498291,178.98610628092655,0.07742393016815186,1
-0.15428051352500916,176.99482515174748,0.0466729998588562,1
-0.16133958101272583,177.42487276149328,0.039093852043151855,1
-0.09868648648262024,177.2017412305872,0.054769694805145264,1
-0.09295317530632019,177.36664835820602,0.06670421361923218,1
-0.09062352776527405,177.58806298487767,0.06731373071670532,1
-0.12996354699134827,178.3040974241928,0.051608264446258545,1
-0.14384764432907104,179.36285098319706,0.03146719932556152,1
-0.1122656762599945,179.83346550063823,0.030312955379486084,1
-0.1119517982006073,178.70995768540692,0.06953531503677368,1
-0.17074301838874817,178.5594200300309,0.08074098825454712,1
-0.1746443212032318,179.19232744817867,0.05858367681503296,1
-0.13849672675132751,179.37152185652275,0.06859487295150757,1
-0.0968889594078064,179.809396655974,0.031099677085876465,1
-0.18840685486793518,178.57183342382697,0.032650768756866455,1
-0.18720197677612305,176.8599353044317,0.035768747329711914,1
-0.20018723607063293,176.66953532977112,0.029707372188568115,1
-0.19486328959465027,177.52470857801237,0.025564730167388916,1
-0.2005385458469391,178.4967328344977,0.034750401973724365,1
-0.20391222834587097,179.35606271542355,0.041395485401153564,1
-0.23486760258674622,179.44021301413872,0.014837920665740967,1
-0.2343047857284546,178.11474542609218,0.00989842414855957,1
-0.24224266409873962,179.00312319879004,0.029607117176055908,1
-0.20318683981895447,179.45848171142296,0.04031449556350708,1
-0.2369793951511383,178.3306266318723,0.05880612134933472,1
-0.23188665509223938,179.63831902004776,0.04661685228347778,1
-0.21962055563926697,179.85600882312497,0.04255884885787964,1
-0.19365480542182922,177.76423315254831,0.10217446088790894,1
-0.20378953218460083,179.46741908201506,0.03862762451171875,1
-0.19395270943641663,178.43932372763928,0.004145681858062744,1
-0.16791999340057373,178.35833475864828,0.01392066478729248,1
-0.16275820136070251,179.10232578574124,0.07464224100112915,1
-0.1696491539478302,178.89633644580007,0.0641675591468811,1
-0.18899032473564148,178.53649028337477,0.06092482805252075,1
-0.20640653371810913,179.579056846329,0.04520606994628906,1
-0.2273361086845398,177.6883283313965,0.0624387264251709,1
-0.23750802874565125,177.83312914841545,0.07723790407180786,1
-0.2837412357330322,177.70894236433182,0.07072639465332031,1
-0.29793134331703186,177.6595883757408,0.07277387380599976,1
-0.3258283734321594,178.42816065986858,0.058350563049316406,1
-0.3290601670742035,177.50715049907856,0.05263704061508179,1
-0.317503958940506,177.27451026809234,0.046919286251068115,1
-0.3301166594028473,177.2943057943979,0.04881948232650757,1
-0.3920256197452545,177.69625507341507,0.057037174701690674,1
-0.3906685411930084,178.05762195286553,0.06137937307357788,1
-0.3975646495819092,178.1637311359783,0.05946934223175049,1
-0.39116203784942627,178.32457111515617,0.06748557090759277,1
-0.40693747997283936,178.67459546718123,0.04414403438568115,1
-0.4046078622341156,178.90304536196535,0.030363142490386963,1
-0.39966025948524475,178.32394964266226,0.04131370782852173,1
-0.3527714014053345,178.43659760028922,0.04268229007720947,1
-0.299913614988327,179.66189956597444,0.02458876371383667,1
-0.2944287955760956,179.11205489668077,0.02605956792831421,1
-0.2757367789745331,178.40146687537703,0.04428762197494507,1
-0.27879002690315247,178.24700581505903,0.03470999002456665,1
-0.27519509196281433,178.44588059783695,0.022456109523773193,1
-0.2612852156162262,176.680926739037,0.030851900577545166,1
-0.2571594715118408,175.1032004601094,0.035474181175231934,1
-0.2554054856300354,174.47134760957374,0.05608952045440674,1
-0.28201723098754883,178.41885007585088,0.03749573230743408,1
-0.3415711522102356,178.27492524234785,0.0452420711517334,1
-0.42719653248786926,174.46342896772322,0.1593167781829834,1
-0.42755165696144104,173.90089422842667,0.16728544235229492,1
-0.36089026927948,173.44139511869503,0.1743987798690796,1
-0.29632988572120667,173.6059120029063,0.16902321577072144,1
-0.28789350390434265,173.58808805666644,0.16635209321975708,1
-0.27180758118629456,174.47056338011382,0.13875561952590942,1
-0.3235204815864563,177.19493740257826,0.09541726112365723,1
-0.24180001020431519,177.84594918673787,0.027048110961914062,1
0.04913794994354248,179.48094016138333,0.01574087142944336,1
0.08052602410316467,178.33135503274536,0.015380799770355225,1
0.11657020449638367,177.55010749946825,0.027782976627349854,1
0.029329568147659302,179.4796068170053,0.09074634313583374,1
-0.1268078088760376,175.2497494544334,0.07176613807678223,1
-0.18650034070014954,177.87041189792333,0.007847368717193604,1
-0.4936456084251404,179.15661029246127,0.02586442232131958,0
-0.43965795636177063,178.90646034265617,0.029445409774780273,0
-0.4202273488044739,178.70346892101648,0.03171205520629883,0
-0.4198767840862274,179.2156992175295,0.03354501724243164,0
-0.40488526225090027,178.49760983912955,0.029261291027069092,0
-0.4175320565700531,178.2327145058299,0.02739262580871582,0
-0.4213119149208069,178.55411124030917,0.0307539701461792,0
-0.4230014979839325,178.24420962238833,0.03099071979522705,0
-0.40964120626449585,178.34569360821632,0.029009699821472168,0
-0.4132349193096161,178.85729459670918,0.025243818759918213,0
-0.41404759883880615,179.63080153504205,0.009167075157165527,0
-0.419140100479126,179.80362557618454,0.01926177740097046,0
-0.4252556264400482,179.43164129898977,0.010464668273925781,0
-0.42687204480171204,179.5802614502786,0.013153791427612305,0
-0.4254857897758484,179.7032384172004,0.010930001735687256,0
-0.4249786138534546,179.89615304495408,0.013231813907623291,0
-0.4284641146659851,179.89743112492292,0.016881942749023438,0
-0.42950552701950073,179.90659139772993,0.014508605003356934,0
-0.4307248890399933,179.50482105976963,0.007238984107971191,0
-0.4249442219734192,179.571877328299,0.0033001303672790527,0
-0.4202117323875427,179.514266663555,0.0009977221488952637,0
-0.40297815203666687,178.70427910417666,0.024319946765899658,0
-0.40189647674560547,178.4406251215571,0.02623724937438965,0
-0.4000290036201477,178.1757584420217,0.02240610122680664,0
-0.39234569668769836,178.2477672318749,0.022717654705047607,0
-0.40024998784065247,178.3851621012382,0.021179020404815674,0
-0.4014172852039337,178.84287194183324,0.020875155925750732,0
-0.4023754298686981,179.25221814027768,0.016763031482696533,0
-0.40126845240592957,179.0451639836639,0.015641748905181885,0
-0.4096212089061737,179.29077508504253,0.017637431621551514,0
-0.4117676019668579,179.45693336454946,0.019201040267944336,0
-0.42004403471946716,179.5924981013531,0.01640111207962036,0
-0.415251225233078,179.06885698009052,0.025619685649871826,0
-0.41307902336120605,179.40442364518117,0.030945897102355957,0
-0.348519504070282,178.00271015174852,0.035034894943237305,0
-0.35037997364997864,177.40603177478914,0.02675837278366089,0
-0.33236977458000183,179.43843914328193,0.058553993701934814,0
-0.3294185698032379,179.23592224423635,0.04321557283401489,0
-0.3204841911792755,179.56992268706946,0.051550328731536865,0
-0.31310322880744934,179.83725035713073,0.06995385885238647,0
-0.3142397701740265,179.8671445448045,0.06912785768508911,0
-0.3336676359176636,179.74321729323216,0.053161025047302246,0
-0.313947468996048,179.83239068935197,0.0696515440940857,0
-0.3087139427661896,179.55864722147544,0.0871933102607727,0
-0.32773104310035706,179.85551593144865,0.0406917929649353,0
-0.34995830059051514,178.96652010865566,0.013168573379516602,0
-0.36305418610572815,177.7080486287208,0.006425917148590088,0
-0.34917622804641724,178.4579415799655,0.02405548095703125,0
-0.3343214988708496,178.5556682106441,0.03650927543640137,0
-0.38176432251930237,179.82655050339335,0.008165061473846436,0
-0.4163917601108551,178.00053063906267,0.04153794050216675,0
-0.415857195854187,177.9995229180061,0.03579986095428467,0
-0.4252817630767822,178.49505826395762,0.0287625789642334,0
-0.42548951506614685,178.6548417075907,0.021219193935394287,0
-0.420106440782547,178.5110118560782,0.025659620761871338,0
-0.42157676815986633,178.5511580883877,0.03133207559585571,0
-0.42519456148147583,178.36025596092534,0.038584351539611816,0
-0.4415667653083801,178.3384000921251,0.03298532962799072,0
-0.4417915940284729,178.67444609188513,0.027379512786865234,0
-0.43863797187805176,178.9290910401989,0.025753021240234375,0
-0.4411448836326599,178.8457258269669,0.020756125450134277,0
-0.44053593277931213,179.02311080504367,0.022862493991851807,0
-0.44023311138153076,178.64156489916553,0.02185511589050293,0
-0.4354947805404663,178.54554957418077,0.023604750633239746,0
-0.43266430497169495,178.93044720714605,0.018704354763031006,0
-0.31131258606910706,177.54429588266578,0.04011625051498413,1
-0.30130115151405334,177.46413751648495,0.041398584842681885,1
-0.3071334660053253,177.4105917004617,0.046092092990875244,1
-0.34632426500320435,177.9771877602963,0.04840385913848877,1
-0.3391250669956207,177.46266879775493,0.049055516719818115,1
-0.4604369103908539,177.97106280048462,0.02389705181121826,0
-0.45788049697875977,179.0683982024831,0.008788049221038818,0
-0.4505579173564911,179.08853756898188,0.005131542682647705,0
-0.4634450674057007,178.61797952028806,0.010832428932189941,0
-0.45946380496025085,178.2347042360694,0.01871955394744873,0
-0.17462781071662903,172.0516904193769,0.20619040727615356,1
-0.16352468729019165,172.74971024469082,0.19059991836547852,1
-0.4171524941921234,176.94982852437886,0.0700264573097229,1
-0.37365949153900146,176.3688136232523,0.06664299964904785,1
-0.3943694531917572,178.73759995785426,0.032851338386535645,0
-0.354964941740036,178.67867415814263,0.03515887260437012,0
-0.3717588186264038,179.406965963316,0.02517080307006836,0
-0.37754231691360474,179.0102316998393,0.036895036697387695,0
-0.3524987995624542,179.30632639764383,0.029690325260162354,0
-0.375588059425354,179.08483834501772,0.03945988416671753,0
-0.3819490969181061,179.02764437739572,0.04124784469604492,0
-0.37968122959136963,179.54266013387354,0.03600794076919556,0
-0.38229823112487793,179.21935401719375,0.03031444549560547,0
-0.3823387920856476,178.9244897184838,0.032004356384277344,0
-0.3875366449356079,179.25326139444584,0.03236347436904907,0
-0.3952258825302124,179.23096406285157,0.025887906551361084,0
-0.39286747574806213,178.25027232538292,0.04045546054840088,0
-0.33917054533958435,179.09341614489244,0.02912813425064087,0
-0.4071108400821686,178.74138744567102,0.032246172428131104,0
-0.256679892539978,175.70923750398765,0.07401168346405029,1
-0.38772842288017273,179.4874436568164,0.008694827556610107,0
-0.4510021507740021,177.91470524692693,0.041848182678222656,0
-0.424892395734787,178.92842951868735,0.032144904136657715,0
-0.4187326729297638,179.35042376228006,0.029863357543945312,0
-0.44137781858444214,179.0212436952601,0.04191088676452637,0
-0.45815473794937134,178.61794395986,0.05441635847091675,0
-0.3924025297164917,177.89931634666962,0.06647729873657227,0
-0.21458271145820618,175.37517910698472,0.12323218584060669,1
-0.26822593808174133,175.26894125382768,0.09615355730056763,1
-0.46169617772102356,177.8718595688157,0.07882493734359741,0
-0.45624828338623047,178.43322716162862,0.02404046058654785,0
-0.20956546068191528,178.91258795737946,0.04382765293121338,1
-0.41635382175445557,174.67787794606443,0.1913222074508667,1
-0.39080002903938293,174.4696191277602,0.180103600025177,1
-0.3234962224960327,176.77160594043968,0.11309671401977539,1
-0.2272898256778717,179.91839504332341,0.01643890142440796,1
-0.293237566947937,179.76285502767348,0.007392764091491699,1
-0.22108107805252075,175.734354179623,0.0730888843536377,1
-0.1825307309627533,175.70018568490977,0.09951967000961304,1
-0.10053333640098572,174.01994659271963,0.1711137890815735,1
-0.12666654586791992,174.26358063288816,0.15128815174102783,1
-0.19341662526130676,177.37217047206144,0.08691269159317017,1
-0.18663683533668518,177.90763822998824,0.06453007459640503,1
-0.12697407603263855,179.01557790992885,0.04735821485519409,1
-0.1237143874168396,179.60614190224263,0.03835117816925049,1
-0.10600492358207703,179.26639008769678,0.01867741346359253,1
-0.16492924094200134,179.22371342785337,0.019082367420196533,1
-0.17878490686416626,179.3314675066255,0.01785886287689209,1
-0.20488357543945312,179.7544567424006,0.014516234397888184,1
-0.25754714012145996,177.59029988030295,0.04010498523712158,1
-0.26343247294425964,177.55375272894972,0.06143862009048462,1
-0.19947531819343567,175.08617705477752,0.11102241277694702,1
-0.21184462308883667,171.99250802886246,0.11919915676116943,1
-0.2176961898803711,175.34705349383307,0.15460002422332764,1
-0.17975208163261414,175.14619512252716,0.14625662565231323,1
-0.1880849003791809,173.90340940234805,0.1442878246307373,1
-0.17403149604797363,174.91946540677813,0.10517275333404541,1
-0.17849406599998474,177.4689199312424,0.05438464879989624,1
-0.1546260118484497,177.87117914204157,0.035562992095947266,1
-0.12362965941429138,179.79006310127093,0.005728423595428467,1
-0.14417818188667297,179.631159278504,0.01714116334915161,1
-0.18119969964027405,179.16297829130497,0.01991957426071167,1
-0.1568339765071869,179.39421432905453,0.025726258754730225,1
-0.09384426474571228,179.35682243382166,0.019193589687347412,1
-0.07835686206817627,179.44499524275085,0.025695204734802246,1
-0.08426430821418762,179.9111289566748,0.03686767816543579,1
-0.15761756896972656,179.1257618242783,0.030356764793395996,1
-0.3088032901287079,176.13855230726935,0.10616892576217651,1
-0.21757560968399048,176.29605160503635,0.06980395317077637,1
-0.4640125632286072,178.29982229587569,0.04822438955307007,0
-0.45405814051628113,178.73947631191066,0.05195075273513794,0
-0.4357173442840576,179.02606577302015,0.058360755443573,0
-0.39814460277557373,177.19531128284586,0.12089389562606812,0
-0.40520623326301575,178.49261861112922,0.1149103045463562,0
-0.42472946643829346,178.2089190451679,0.08580482006072998,0
-0.42609015107154846,179.4376753222778,0.06193119287490845,0
-0.4942688047885895,179.50380532748355,0.0044822096824646,0
-0.4996796250343323,179.91686181794051,0.004018068313598633,0
-0.49309998750686646,179.87235388820352,0.005748391151428223,0
-0.4846133291721344,179.63571116164735,0.009896397590637207,0
-0.4720458388328552,178.91317216669682,0.02039390802383423,0
-0.4669433534145355,178.18351665399078,0.06170392036437988,0
-0.4492575228214264,177.70032946674345,0.09100937843322754,0
-0.4318915605545044,177.5714694742178,0.1080249547958374,0
-0.4341578483581543,177.7746629106513,0.10187435150146484,0
-0.436952143907547,177.68554735468712,0.10201066732406616,0
-0.4455810487270355,177.8099322057251,0.09721493721008301,0
-0.45649203658103943,178.35544500184653,0.05998200178146362,0
-0.4564115107059479,178.77750543007502,0.04861325025558472,0
-0.4580131769180298,179.06001934580803,0.0234067440032959,0
-0.46934935450553894,179.53335634838098,0.001553177833557129,0
-0.48547953367233276,179.73176884146793,0.004531562328338623,0
-0.4873359799385071,179.5993444425643,0.00029540061950683594,0
-0.4851861894130707,179.46935749027298,0.0026964545249938965,0
-0.4898553788661957,179.60133640457704,0.002347230911254883,0
-0.48261886835098267,179.207709527286,0.00055694580078125,0
-0.48110687732696533,179.16235484696563,0.0015652775764465332,0
-0.4636768102645874,178.5974302267314,0.02403545379638672,0
-0.463882714509964,178.30283810386513,0.05360972881317139,0
-0.44649019837379456,178.57765594053356,0.06289529800415039,0
-0.4474196434020996,178.17638049859693,0.06709814071655273,0
-0.4345928132534027,178.53487212473019,0.06052178144454956,0
-0.48186466097831726,178.32029288452034,0.0589984655380249,0
-0.5425790846347809,178.14132209893444,0.04681903123855591,0
-0.5940598696470261,178.81022155265518,0.03406095504760742,0
-0.5992881059646606,178.95091307474019,0.0011709332466125488,0
-0.6029376536607742,179.24471427262685,0.005774259567260742,0
-0.595483809709549,178.25893847081403,0.0038994550704956055,0
-0.5895920842885971,179.42810863102488,0.0029169321060180664,0
-0.4903304874897003,177.87185531242108,0.09853154420852661,0
-0.5803700834512711,179.01082626052022,0.038638949394226074,0
-0.5481304079294205,177.35613274790194,0.09990584850311279,0
-0.7035491988062859,179.25323806956388,0.05341535806655884,0
-0.5087817907333374,178.2422596180104,0.053889691829681396,0
-0.4869158864021301,177.9028934337642,0.045888662338256836,0
-0.4863535463809967,178.50184096268066,0.03850489854812622,0
-0.46702712774276733,178.72380402954414,0.03365212678909302,0
-0.4738060534000397,179.04881773915116,0.03338968753814697,0
-0.5071280598640442,179.05713128533833,0.033327698707580566,0
-0.41874706745147705,179.253294404731,0.030211925506591797,1
-0.43258970975875854,179.0644862743816,0.03394204378128052,0
-0.4798237979412079,178.6293320913866,0.03645128011703491,0
-0.4219781756401062,178.3169871500612,0.07801318168640137,0
-0.2750839293003082,177.79298509694578,0.10107558965682983,1
-0.28636109828948975,175.27901100037093,0.1505591869354248,1
-0.2931358814239502,173.71719010518348,0.13865959644317627,1
-0.3314994275569916,176.22748033258964,0.07873392105102539,1
-0.31656816601753235,177.4580755924191,0.07026779651641846,1
-0.22845622897148132,178.79280551226947,0.020403563976287842,1
-0.1974402666091919,179.25709986721125,0.015947818756103516,1
-0.12791749835014343,177.11386419313487,0.07699400186538696,1
-0.274880051612854,175.40127619564444,0.12355959415435791,1
-0.27477318048477173,179.90203675675005,0.056838274002075195,1
-0.23612073063850403,179.74085202666652,0.0029236674308776855,1
-0.19201654195785522,178.08152605902336,0.0136185884475708,1
-0.035846590995788574,179.5487034506348,0.05317544937133789,1
-0.11114200949668884,178.38555934194028,0.02792912721633911,1
-0.08090221881866455,178.7267419637839,0.03236031532287598,1
0.011585086584091187,178.90693018373491,0.022772133350372314,1
0.03139495849609375,179.1212441054911,0.006766557693481445,1
0.034766435623168945,179.17048128750443,0.06383001804351807,1
-0.3020475506782532,179.68052645402298,0.0015784502029418945,1
-0.2906576097011566,179.47365757200768,0.0062070488929748535,1
-0.2678174674510956,178.5408969046931,0.0014699101448059082,1
-0.38579481840133667,179.16115078899088,0.05283540487289429,0
-0.40622568130493164,178.83652069829768,0.042230844497680664,0
-0.16071811318397522,177.22840461405724,0.008819282054901123,1
-0.18360868096351624,176.45218219334902,0.03637450933456421,1
-0.2000477910041809,176.22568665426675,0.05186450481414795,1
-0.237260639667511,177.4163443624367,0.040601253509521484,1
-0.23131737112998962,177.78942508963246,0.029205024242401123,1
-0.19260716438293457,179.56393609198793,0.02599191665649414,1
-0.15436846017837524,179.91178748017725,0.013900160789489746,1
-0.1402941346168518,179.41221235878328,0.0002658367156982422,1
-0.15384793281555176,179.38830595084409,0.0001735687255859375,1
-0.14832383394241333,179.52998663074598,0.013922333717346191,1
-0.17210975289344788,179.69711561122347,0.009741127490997314,1
-0.12701153755187988,178.97575428764733,0.0148545503616333,1
-0.10100716352462769,178.92406038321607,0.02487802505493164,1
-0.10565131902694702,178.6190934348136,0.008041858673095703,1
-0.10425859689712524,179.1332895854486,0.025547266006469727,1
-0.16481462121009827,178.90180526397725,0.020831048488616943,1
-0.2850562334060669,175.7569521112392,0.11229169368743896,1
-0.3326452374458313,176.3162040593525,0.12593615055084229,1
-0.3682832419872284,176.95325506010082,0.11096614599227905,1
-0.3927434980869293,178.11318010933513,0.06746256351470947,0
-0.3888484239578247,178.0201162103053,0.0739932656288147,0
-0.3957720696926117,177.44505818001184,0.07233542203903198,0
-0.40324869751930237,177.90363659223016,0.06786209344863892,0
-0.4222627282142639,178.88442653093873,0.051879823207855225,0
-0.43486136198043823,179.22795576388776,0.034541964530944824,0
-0.46234509348869324,179.1985862450999,0.009191274642944336,0
-0.46466338634490967,179.3488257634302,0.008842408657073975,0
-0.4670919179916382,179.25531356927894,0.004682362079620361,0
-0.4417499005794525,178.74416763914365,0.033345937728881836,0
-0.4213283360004425,178.59562119000884,0.050287842750549316,0
-0.39576566219329834,176.79421630149872,0.07769578695297241,0
-0.3634504973888397,176.16912399767656,0.09935629367828369,0
-0.36615779995918274,177.02646758608904,0.09434628486633301,0
-0.35571175813674927,176.94613801428332,0.07997936010360718,0
-0.3675714135169983,177.0066121970714,0.07549262046813965,0
-0.379009485244751,177.7618753794896,0.060223519802093506,0
-0.38286373019218445,178.2760260002796,0.0399283766746521,0
-0.3794410824775696,179.05700675651914,0.031466901302337646,0
-0.43559589982032776,178.85535385591294,0.022481024265289307,0
-0.47508150339126587,178.84157144367092,0.027697324752807617,0
-0.49936747550964355,178.99807275718481,0.030331015586853027,0
-0.5000023543834686,179.79159090401473,0.002268552780151367,0
-0.46259626746177673,178.9572462335946,0.026523351669311523,0
-0.4493389129638672,178.91408470308625,0.029181182384490967,0
-0.4618009030818939,178.55271721855175,0.013386368751525879,0
-0.4675397276878357,179.8253446750316,0.06315886974334717,0
-0.33951136469841003,178.69694416121064,0.011716663837432861,1
-0.34813106060028076,177.77620012811235,0.023350238800048828,1
-0.31948721408843994,177.78706538391742,0.017280101776123047,1
-0.10497099161148071,178.2274545436006,0.1077190637588501,1
-0.10020712018013,179.11333589216792,0.06974345445632935,1
-0.10329854488372803,178.65354201526475,0.05781233310699463,1
-0.2357732653617859,178.03823969411735,0.10905218124389648,1
-0.3747088611125946,179.49372542953014,0.0014094114303588867,1
-0.47364312410354614,178.7936466832957,0.018137574195861816,1
-0.5600775927305222,178.24232911242413,0.017250478267669678,1
-0.5822671502828598,178.72434809426278,0.0291135311126709,1
-0.40463295578956604,179.16306897571693,0.022423148155212402,0
-0.4903491735458374,178.86239371931373,0.031396567821502686,0
-0.5065003633499146,178.88037938681376,0.027372419834136963,0
-0.5051709413528442,178.8987810086399,0.028964579105377197,0
-0.4682564437389374,177.30947906560866,0.044695138931274414,0
-0.461384654045105,177.99810735471522,0.046074092388153076,0
-0.44739875197410583,179.2748056720017,0.02869999408721924,0
-0.4329719841480255,179.87040504265576,0.010032057762145996,0
-0.4780184328556061,178.93282357047025,0.01801389455795288,0
-0.5126536190509796,178.83821021428818,0.027304232120513916,0
-0.5143713653087616,178.8361994699165,0.036032676696777344,0
-0.48992860317230225,178.04801199827511,0.048094093799591064,0
-0.46276214718818665,177.87020658956342,0.06874144077301025,0
-0.4605851173400879,178.11612954944113,0.06873095035552979,0
-0.46120768785476685,178.0002930954316,0.07108157873153687,0
-0.46523112058639526,177.38390738268666,0.06926023960113525,0
-0.47676998376846313,178.27144597723824,0.06047171354293823,0
-0.48253944516181946,178.4938523363717,0.053628385066986084,0
-0.4985848367214203,177.99230119483357,0.0390247106552124,0
-0.49338236451148987,178.61657725494396,0.03064507246017456,0
-0.4839669466018677,178.42307927994958,0.022361397743225098,0
-0.48810797929763794,178.53019240848067,0.02199012041091919,0
-0.48552435636520386,178.9330513557496,0.01915419101715088,0
-0.4896674156188965,178.84611712257154,0.024510979652404785,0
-0.4818224608898163,178.9959605039551,0.02711474895477295,0
-0.4623328745365143,178.80629974047358,0.031307876110076904,0
-0.48637548089027405,179.44176484921695,0.03650546073913574,0
-0.49094974994659424,179.57713436681024,0.029178917407989502,0
-0.4909038841724396,179.78332698895647,0.0228879451751709,0
-0.4923901855945587,179.82653545720098,0.022090792655944824,0
-0.48226532340049744,179.3397913112342,0.02726757526397705,0
-0.49322807788848877,179.3765295676577,0.03233379125595093,0
-0.4961985647678375,178.74594824016935,0.03525489568710327,0
-0.4988666772842407,179.1240249696274,0.03208106756210327,0
-0.4998699128627777,178.99994283746446,0.039657413959503174,0
-0.5045560300350189,178.8496283786085,0.03317153453826904,0
-0.5095042586326599,178.47390151246177,0.03470730781555176,0
-0.5124743282794952,178.4819057582466,0.03364211320877075,0
-0.5148529708385468,179.5122177928407,0.03186619281768799,0
-0.5099097490310669,178.86690493811497,0.03512907028198242,0
-0.5229247808456421,178.460465043891,0.04456120729446411,0
-0.5185038447380066,177.95211541735063,0.04482567310333252,0
-0.5183085799217224,177.56009291017938,0.047448694705963135,0
-0.5270203053951263,177.94644097113982,0.046252667903900146,0
-0.544182687997818,178.5514012333429,0.04053419828414917,0
-0.5241492390632629,179.00972916536227,0.030231118202209473,0
-0.16824352741241455,178.26056377048727,0.07263302803039551,1
-0.1559160351753235,178.3941192823841,0.07103276252746582,1
-0.16717201471328735,178.60845146324417,0.060727596282958984,1
-0.18446946144104004,178.87447374897232,0.048537373542785645,1
-0.16084963083267212,178.96308186626396,0.025469183921813965,1
-0.1971539556980133,178.34476507251995,0.02838677167892456,1
-0.2150735855102539,177.15037191229726,0.04272639751434326,1
-0.17110708355903625,175.79601544368833,0.14328604936599731,1
-0.18476668000221252,176.36328668452938,0.12333637475967407,1
-0.22234100103378296,177.2580953481858,0.05871903896331787,1
-0.23584237694740295,177.6665214008657,0.03408390283584595,1
-0.24220627546310425,177.93306044647596,0.025408267974853516,1
-0.2234155833721161,177.84451912970079,0.06657224893569946,1
-0.19065743684768677,178.1654781641642,0.061873435974121094,1
-0.15668129920959473,178.8903301474359,0.04278850555419922,1
-0.17542403936386108,178.98550058428955,0.0004297494888305664,1
-0.22201678156852722,179.76308764820783,0.015378177165985107,1
-0.19481828808784485,179.24191874908146,0.02222985029220581,1
-0.20762693881988525,179.2440280214918,0.006767988204956055,1
-0.18521416187286377,177.705259669896,0.07613241672515869,1
-0.2350032925605774,177.37823559686993,0.09124922752380371,1
-0.23941677808761597,178.04374768487847,0.06189608573913574,1
-0.26992174983024597,179.56362430346886,0.032307326793670654,1
-0.23841336369514465,179.3767586916743,0.027562320232391357,1
-0.25128570199012756,179.08704310179937,0.013706862926483154,1
-0.25049304962158203,179.61182980276322,0.030074238777160645,1
-0.2287169098854065,178.8377929345652,0.010681748390197754,1
-0.2272491157054901,178.43370436672296,0.0009573101997375488,1
-0.2272363305091858,178.6360686960315,0.017020225524902344,1
-0.20919716358184814,179.50080922999004,0.0476987361907959,1
-0.19590067863464355,177.48379331045209,0.09582328796386719,1
-0.19269609451293945,177.80132838067934,0.08558356761932373,1
-0.28893089294433594,179.17920552099116,0.0801854133605957,1
-0.27047640085220337,179.74906276435308,0.032938361167907715,1
-0.32785966992378235,179.50979777617113,0.018127858638763428,1
-0.2400001883506775,179.76160726081133,0.035711050033569336,1
-0.17470163106918335,179.85574500631455,0.03447258472442627,1
-0.1480121910572052,179.53103160284996,0.057676494121551514,1
-0.1638125777244568,179.9082001584283,0.001800537109375,1
-0.15638437867164612,178.50761701258082,0.019537150859832764,1
-0.16393542289733887,178.63836605048647,0.02201247215270996,1
-0.18417680263519287,177.04373265454532,0.03384387493133545,1
-0.17867755889892578,177.19749257361676,0.02561187744140625,1
-0.2633514404296875,174.80236924055887,0.11363840103149414,1
-0.2846485376358032,173.72204580003574,0.13748836517333984,1
-0.24590343236923218,175.14946124242846,0.10795724391937256,1
-0.21593481302261353,175.4073736115472,0.09624350070953369,1
-0.16660559177398682,177.20122869864764,0.0295565128326416,1
-0.1604730188846588,178.379565649661,0.024562180042266846,1
-0.13687613606452942,178.69339603471934,0.04044300317764282,1
-0.18476122617721558,179.5518046642028,0.015112042427062988,1
-0.25204798579216003,178.53042816818476,0.01755577325820923,1
-0.38824141025543213,178.2167299785453,0.037633299827575684,1
-0.4473593831062317,177.97500917917682,0.055856287479400635,1
-0.4625496566295624,177.91522014973538,0.06201416254043579,1
-0.37000519037246704,177.69058186846092,0.06754755973815918,1
-0.2670970857143402,177.71844055882326,0.05612140893936157,1
-0.17995598912239075,177.22838532412797,0.07431906461715698,1
-0.1323685646057129,177.91847941292187,0.08226299285888672,1
-0.11494159698486328,177.8042835791569,0.08385777473449707,1
-0.09296455979347229,178.07399670932202,0.06321018934249878,1
-0.1712363362312317,177.54203100418533,0.06604313850402832,1
-0.13187825679779053,177.5832392523924,0.07637310028076172,1
-0.11174806952476501,178.05800284975297,0.06614953279495239,1
-0.21432062983512878,177.21700533648655,0.06601542234420776,1
-0.19540992379188538,177.06934441979706,0.08658438920974731,1
-0.2243334949016571,177.48737896797536,0.07506066560745239,1
-0.3164888024330139,176.88247820885903,0.055704474449157715,1
-0.30268627405166626,177.12989534040236,0.05264294147491455,1
-0.2192937135696411,177.5583861412337,0.05263984203338623,1
-0.18828997015953064,179.02502610162472,0.030528008937835693,1
-0.20643997192382812,177.9778411007616,0.038039207458496094,1
-0.10528218746185303,177.71292179794708,0.05460250377655029,1
-0.04064926505088806,177.20022934030675,0.07730072736740112,1
-0.28228217363357544,176.4967110761104,0.08097946643829346,1
-0.35581207275390625,178.90804173738474,0.03354692459106445,1
-0.39657163619995117,177.9783470203656,0.03380298614501953,1
-0.49370479583740234,177.11583017816267,0.06531399488449097,1
-0.5719059407711029,176.57738512560866,0.07976001501083374,1
-0.42487823963165283,178.98610540262854,0.01229172945022583,1
-0.42077746987342834,179.51442646943238,0.017534196376800537,1
-0.36682385206222534,179.90855260880258,0.04487878084182739,1
-0.3554287254810333,178.74977839544732,0.059447288513183594,1
-0.30909252166748047,178.87543958111107,0.017961621284484863,1
-0.3051820397377014,178.32103117743657,0.006134510040283203,1
-0.290508508682251,177.8356050521321,0.0007957220077514648,1
-0.3015502989292145,179.1798740671436,0.021333396434783936,1
-0.38463279604911804,179.90739173284896,0.03268146514892578,1
-0.5057633817195892,178.76956478689718,0.011710405349731445,1
-0.5589776337146759,179.23551977594497,0.002926766872406006,1
-0.5733410567045212,179.34237261078363,0.003487825393676758,1
-0.5804449021816254,178.6385066440791,0.0008417367935180664,1
-0.5705525130033493,178.6967194040556,0.005752623081207275,1
-0.5328158736228943,178.59802142330352,0.004597842693328857,1
-0.460994154214859,178.11253540349801,0.03318476676940918,1
-0.23652061820030212,177.4044160269465,0.06719022989273071,1
-0.4061721861362457,178.8963697479987,0.04801154136657715,0
-0.6254132688045502,179.03162331774703,0.07784706354141235,0
-0.6389995515346527,178.85477964928796,0.06509357690811157,0
-0.623287171125412,178.01139492637836,0.05864834785461426,0
-0.5487369298934937,178.50715408317822,0.05171078443527222,0
-0.5290327668190002,178.21404405448288,0.06775224208831787,0
-0.5029345154762268,177.6780067447222,0.06321823596954346,0
-0.48881635069847107,177.15404371517067,0.06504583358764648,0
-0.4763135612010956,177.37289465100628,0.06354409456253052,0
-0.46669378876686096,177.89399586998766,0.06350022554397583,0
-0.45381686091423035,178.23531339167278,0.0626102089881897,0
-0.44822534918785095,177.96351924264485,0.06061840057373047,0
-0.44982001185417175,177.91945140922542,0.05731266736984253,0
-0.443283349275589,177.76396706273857,0.05365860462188721,0
-0.44287896156311035,177.97087208752177,0.053154051303863525,0
-0.44355612993240356,178.3015813052593,0.0481562614440918,0
-0.42780452966690063,178.90119109979332,0.040430307388305664,0
-0.4187803268432617,178.190275962777,0.040810465812683105,0
-0.39930838346481323,179.4509123508268,0.005364537239074707,0
-0.3797718286514282,179.6923735230354,0.013943374156951904,0
-0.3898901641368866,178.25897770716927,0.013124227523803711,0
-0.40690362453460693,178.54358602948662,0.025670647621154785,0
-0.39612701535224915,178.35805624939252,0.025594472885131836,0
-0.4154634475708008,179.7193484691988,0.03088289499282837,0
-0.4522610008716583,179.34645967670707,0.028733015060424805,0
-0.4662254750728607,179.3317294299265,0.01891118288040161,0
-0.47678840160369873,178.7385001232408,0.019335925579071045,0
-0.4616597592830658,178.16181878874423,0.04776942729949951,0
-0.44122424721717834,178.59318148720348,0.045162200927734375,0
-0.41828230023384094,179.12554801074245,0.031209886074066162,0
-0.3949310779571533,178.8469649613161,0.021186649799346924,0
-0.38798245787620544,179.45356890782844,0.006015002727508545,0
-0.3922557830810547,179.77356101225962,0.004971146583557129,0
-0.399770051240921,178.7550824726384,0.011241257190704346,0
-0.4126845896244049,178.57014431771174,0.02329033613204956,0
-0.41242340207099915,179.09008739638006,0.018472790718078613,0
-0.41827157139778137,179.26750898945218,0.01381009817123413,0
-0.40404972434043884,179.1874557756552,0.008590400218963623,0
-0.4103773534297943,179.31134027662475,0.012940824031829834,0
-0.4296378493309021,178.93030442866043,0.0003326535224914551,0
-0.425411581993103,178.92703146585345,0.012967407703399658,0
-0.32776013016700745,179.74715067367524,0.0075890421867370605,0
-0.2835339307785034,179.34079894348127,0.013514995574951172,0
-0.29804351925849915,179.32844264608616,0.013978183269500732,0
-0.3044462203979492,179.41889771148917,0.009712576866149902,0
-0.312427282333374,179.4432302279545,0.0061337947845458984,0
-0.4100078344345093,179.912440099807,0.0008251667022705078,0
-0.460945725440979,179.32097374411228,3.2842159271240234e-05,0
-0.486624538898468,178.96606680847015,0.007313370704650879,0
-0.49062713980674744,178.76409874767032,0.004124939441680908,0
-0.4935935139656067,178.63610622566742,0.0026917457580566406,0
-0.4898514449596405,179.009368019436,0.008389115333557129,0
-0.424330472946167,179.57544716582194,0.0068863630294799805,0
-0.38105446100234985,179.8961613185149,0.007772386074066162,0
-0.38660991191864014,179.59062154062622,0.006254434585571289,0
-0.3888416886329651,179.8446383542961,0.020286977291107178,0
-0.40267667174339294,179.0877342727627,0.04462158679962158,0
-0.4127604067325592,178.8203619777862,0.05032879114151001,0
-0.41181933879852295,178.6754157768298,0.0564800500869751,0
-0.4325525164604187,179.90707530082938,0.0070098042488098145,0
-0.43315401673316956,179.0117798056706,0.0016974210739135742,0
-0.4274861514568329,179.27402758497823,0.0005028843879699707,0
-0.4257771074771881,179.4413900488295,0.001971602439880371,0
-0.4153688848018646,179.71337941127038,0.010612130165100098,0
-0.41223815083503723,179.83931736890085,0.009353041648864746,0
-0.40164893865585327,178.4315621916046,0.04832738637924194,0
-0.4020215570926666,178.54166412134174,0.055894315242767334,0
-0.3969918191432953,178.36825659785097,0.05598807334899902,0
-0.36987829208374023,178.40608618744938,0.04458886384963989,0
-0.3724663555622101,179.79923647239585,0.024010062217712402,0
-0.37044045329093933,179.85073800336426,0.01727926731109619,0
-0.36858460307121277,179.83970325364444,0.01722121238708496,0
-0.3690580427646637,179.8743636502586,0.015419244766235352,0
-0.37477636337280273,179.71533847408503,0.004454135894775391,0
-0.38153499364852905,179.4593818387772,0.014080286026000977,0
-0.38781818747520447,179.5090656164854,0.01854097843170166,0
-0.3968447744846344,179.82928357633867,0.017926335334777832,0
